query_index,candidate_order,database_index,database_name,database_y_m,database_x_m,grid_id
0,1,49,@768@768@grid1@z17,937.5,937.5,1
0,2,0,@512@512@grid0@z17,625.0,625.0,0
0,3,1,@512@1024@grid0@z17,625.0,1250.0,0
0,4,7,@1024@512@grid0@z17,1250.0,625.0,0
0,5,8,@1024@1024@grid0@z17,1250.0,1250.0,0
0,6,50,@768@1280@grid1@z17,937.5,1562.5,1
0,7,1,@512@1024@grid0@z17,625.0,1250.0,0
0,8,2,@512@1536@grid0@z17,625.0,1875.0,0
0,9,9,@1024@1536@grid0@z17,1250.0,1875.0,0
0,10,8,@1024@1024@grid0@z17,1250.0,1250.0,0
0,11,71,@2304@1280@grid1@z17,2812.5,1562.5,1
0,12,30,@2560@1536@grid0@z17,3125.0,1875.0,0
0,13,29,@2560@1024@grid0@z17,3125.0,1250.0,0
0,14,23,@2048@1536@grid0@z17,2500.0,1875.0,0
0,15,22,@2048@1024@grid0@z17,2500.0,1250.0,0
1,1,50,@768@1280@grid1@z17,937.5,1562.5,1
1,2,1,@512@1024@grid0@z17,625.0,1250.0,0
1,3,2,@512@1536@grid0@z17,625.0,1875.0,0
1,4,9,@1024@1536@grid0@z17,1250.0,1875.0,0
1,5,8,@1024@1024@grid0@z17,1250.0,1250.0,0
1,6,57,@1280@1280@grid1@z17,1562.5,1562.5,1
1,7,9,@1024@1536@grid0@z17,1250.0,1875.0,0
1,8,15,@1536@1024@grid0@z17,1875.0,1250.0,0
1,9,8,@1024@1024@grid0@z17,1250.0,1250.0,0
1,10,16,@1536@1536@grid0@z17,1875.0,1875.0,0
1,11,16,@1536@1536@grid0@z17,1875.0,1875.0,0
1,12,58,@1280@1792@grid1@z17,1562.5,2187.5,1
1,13,64,@1792@1280@grid1@z17,2187.5,1562.5,1
1,14,57,@1280@1280@grid1@z17,1562.5,1562.5,1
1,15,65,@1792@1792@grid1@z17,2187.5,2187.5,1
2,1,51,@768@1792@grid1@z17,937.5,2187.5,1
2,2,3,@512@2048@grid0@z17,625.0,2500.0,0
2,3,2,@512@1536@grid0@z17,625.0,1875.0,0
2,4,10,@1024@2048@grid0@z17,1250.0,2500.0,0
2,5,9,@1024@1536@grid0@z17,1250.0,1875.0,0
2,6,5,@512@3072@grid0@z17,625.0,3750.0,0
2,7,54,@768@3328@grid1@z17,937.5,4062.5,1
2,8,53,@768@2816@grid1@z17,937.5,3437.5,1
2,9,52,@768@2304@grid1@z17,937.5,2812.5,1
2,10,55,@768@3840@grid1@z17,937.5,4687.5,1
2,11,53,@768@2816@grid1@z17,937.5,3437.5,1
2,12,5,@512@3072@grid0@z17,625.0,3750.0,0
2,13,4,@512@2560@grid0@z17,625.0,3125.0,0
2,14,12,@1024@3072@grid0@z17,1250.0,3750.0,0
2,15,11,@1024@2560@grid0@z17,1250.0,3125.0,0
3,1,52,@768@2304@grid1@z17,937.5,2812.5,1
3,2,3,@512@2048@grid0@z17,625.0,2500.0,0
3,3,4,@512@2560@grid0@z17,625.0,3125.0,0
3,4,10,@1024@2048@grid0@z17,1250.0,2500.0,0
3,5,11,@1024@2560@grid0@z17,1250.0,3125.0,0
3,6,4,@512@2560@grid0@z17,625.0,3125.0,0
3,7,52,@768@2304@grid1@z17,937.5,2812.5,1
3,8,53,@768@2816@grid1@z17,937.5,3437.5,1
3,9,54,@768@3328@grid1@z17,937.5,4062.5,1
3,10,51,@768@1792@grid1@z17,937.5,2187.5,1
3,11,10,@1024@2048@grid0@z17,1250.0,2500.0,0
3,12,52,@768@2304@grid1@z17,937.5,2812.5,1
3,13,51,@768@1792@grid1@z17,937.5,2187.5,1
3,14,59,@1280@2304@grid1@z17,1562.5,2812.5,1
3,15,58,@1280@1792@grid1@z17,1562.5,2187.5,1
4,1,53,@768@2816@grid1@z17,937.5,3437.5,1
4,2,5,@512@3072@grid0@z17,625.0,3750.0,0
4,3,4,@512@2560@grid0@z17,625.0,3125.0,0
4,4,12,@1024@3072@grid0@z17,1250.0,3750.0,0
4,5,11,@1024@2560@grid0@z17,1250.0,3125.0,0
4,6,58,@1280@1792@grid1@z17,1562.5,2187.5,1
4,7,10,@1024@2048@grid0@z17,1250.0,2500.0,0
4,8,9,@1024@1536@grid0@z17,1250.0,1875.0,0
4,9,17,@1536@2048@grid0@z17,1875.0,2500.0,0
4,10,16,@1536@1536@grid0@z17,1875.0,1875.0,0
4,11,4,@512@2560@grid0@z17,625.0,3125.0,0
4,12,52,@768@2304@grid1@z17,937.5,2812.5,1
4,13,53,@768@2816@grid1@z17,937.5,3437.5,1
4,14,54,@768@3328@grid1@z17,937.5,4062.5,1
4,15,51,@768@1792@grid1@z17,937.5,2187.5,1
5,1,54,@768@3328@grid1@z17,937.5,4062.5,1
5,2,6,@512@3584@grid0@z17,625.0,4375.0,0
5,3,5,@512@3072@grid0@z17,625.0,3750.0,0
5,4,12,@1024@3072@grid0@z17,1250.0,3750.0,0
5,5,13,@1024@3584@grid0@z17,1250.0,4375.0,0
5,6,12,@1024@3072@grid0@z17,1250.0,3750.0,0
5,7,54,@768@3328@grid1@z17,937.5,4062.5,1
5,8,53,@768@2816@grid1@z17,937.5,3437.5,1
5,9,61,@1280@3328@grid1@z17,1562.5,4062.5,1
5,10,60,@1280@2816@grid1@z17,1562.5,3437.5,1
5,11,24,@2048@2048@grid0@z17,2500.0,2500.0,0
5,12,73,@2304@2304@grid1@z17,2812.5,2812.5,1
5,13,72,@2304@1792@grid1@z17,2812.5,2187.5,1
5,14,66,@1792@2304@grid1@z17,2187.5,2812.5,1
5,15,65,@1792@1792@grid1@z17,2187.5,2187.5,1
6,1,56,@1280@768@grid1@z17,1562.5,937.5,1
6,2,7,@1024@512@grid0@z17,1250.0,625.0,0
6,3,14,@1536@512@grid0@z17,1875.0,625.0,0
6,4,15,@1536@1024@grid0@z17,1875.0,1250.0,0
6,5,8,@1024@1024@grid0@z17,1250.0,1250.0,0
6,6,16,@1536@1536@grid0@z17,1875.0,1875.0,0
6,7,58,@1280@1792@grid1@z17,1562.5,2187.5,1
6,8,64,@1792@1280@grid1@z17,2187.5,1562.5,1
6,9,57,@1280@1280@grid1@z17,1562.5,1562.5,1
6,10,65,@1792@1792@grid1@z17,2187.5,2187.5,1
6,11,50,@768@1280@grid1@z17,937.5,1562.5,1
6,12,1,@512@1024@grid0@z17,625.0,1250.0,0
6,13,2,@512@1536@grid0@z17,625.0,1875.0,0
6,14,9,@1024@1536@grid0@z17,1250.0,1875.0,0
6,15,8,@1024@1024@grid0@z17,1250.0,1250.0,0
7,1,57,@1280@1280@grid1@z17,1562.5,1562.5,1
7,2,9,@1024@1536@grid0@z17,1250.0,1875.0,0
7,3,15,@1536@1024@grid0@z17,1875.0,1250.0,0
7,4,8,@1024@1024@grid0@z17,1250.0,1250.0,0
7,5,16,@1536@1536@grid0@z17,1875.0,1875.0,0
7,6,50,@768@1280@grid1@z17,937.5,1562.5,1
7,7,1,@512@1024@grid0@z17,625.0,1250.0,0
7,8,2,@512@1536@grid0@z17,625.0,1875.0,0
7,9,9,@1024@1536@grid0@z17,1250.0,1875.0,0
7,10,8,@1024@1024@grid0@z17,1250.0,1250.0,0
7,11,8,@1024@1024@grid0@z17,1250.0,1250.0,0
7,12,49,@768@768@grid1@z17,937.5,937.5,1
7,13,50,@768@1280@grid1@z17,937.5,1562.5,1
7,14,56,@1280@768@grid1@z17,1562.5,937.5,1
7,15,57,@1280@1280@grid1@z17,1562.5,1562.5,1
8,1,58,@1280@1792@grid1@z17,1562.5,2187.5,1
8,2,10,@1024@2048@grid0@z17,1250.0,2500.0,0
8,3,9,@1024@1536@grid0@z17,1250.0,1875.0,0
8,4,17,@1536@2048@grid0@z17,1875.0,2500.0,0
8,5,16,@1536@1536@grid0@z17,1875.0,1875.0,0
8,6,4,@512@2560@grid0@z17,625.0,3125.0,0
8,7,52,@768@2304@grid1@z17,937.5,2812.5,1
8,8,53,@768@2816@grid1@z17,937.5,3437.5,1
8,9,54,@768@3328@grid1@z17,937.5,4062.5,1
8,10,51,@768@1792@grid1@z17,937.5,2187.5,1
8,11,53,@768@2816@grid1@z17,937.5,3437.5,1
8,12,5,@512@3072@grid0@z17,625.0,3750.0,0
8,13,4,@512@2560@grid0@z17,625.0,3125.0,0
8,14,12,@1024@3072@grid0@z17,1250.0,3750.0,0
8,15,11,@1024@2560@grid0@z17,1250.0,3125.0,0
9,1,59,@1280@2304@grid1@z17,1562.5,2812.5,1
9,2,10,@1024@2048@grid0@z17,1250.0,2500.0,0
9,3,11,@1024@2560@grid0@z17,1250.0,3125.0,0
9,4,18,@1536@2560@grid0@z17,1875.0,3125.0,0
9,5,17,@1536@2048@grid0@z17,1875.0,2500.0,0
9,6,90,@3328@3840@grid1@z17,4062.5,4687.5,1
9,7,48,@3584@3584@grid0@z17,4375.0,4375.0,0
9,8,41,@3072@3584@grid0@z17,3750.0,4375.0,0
9,9,34,@2560@3584@grid0@z17,3125.0,4375.0,0
9,10,40,@3072@3072@grid0@z17,3750.0,3750.0,0
9,11,40,@3072@3072@grid0@z17,3750.0,3750.0,0
9,12,89,@3328@3328@grid1@z17,4062.5,4062.5,1
9,13,88,@3328@2816@grid1@z17,4062.5,3437.5,1
9,14,82,@2816@3328@grid1@z17,3437.5,4062.5,1
9,15,81,@2816@2816@grid1@z17,3437.5,3437.5,1
10,1,60,@1280@2816@grid1@z17,1562.5,3437.5,1
10,2,12,@1024@3072@grid0@z17,1250.0,3750.0,0
10,3,11,@1024@2560@grid0@z17,1250.0,3125.0,0
10,4,18,@1536@2560@grid0@z17,1875.0,3125.0,0
10,5,19,@1536@3072@grid0@z17,1875.0,3750.0,0
10,6,61,@1280@3328@grid1@z17,1562.5,4062.5,1
10,7,12,@1024@3072@grid0@z17,1250.0,3750.0,0
10,8,13,@1024@3584@grid0@z17,1250.0,4375.0,0
10,9,20,@1536@3584@grid0@z17,1875.0,4375.0,0
10,10,19,@1536@3072@grid0@z17,1875.0,3750.0,0
10,11,12,@1024@3072@grid0@z17,1250.0,3750.0,0
10,12,54,@768@3328@grid1@z17,937.5,4062.5,1
10,13,53,@768@2816@grid1@z17,937.5,3437.5,1
10,14,61,@1280@3328@grid1@z17,1562.5,4062.5,1
10,15,60,@1280@2816@grid1@z17,1562.5,3437.5,1
11,1,63,@1792@768@grid1@z17,2187.5,937.5,1
11,2,15,@1536@1024@grid0@z17,1875.0,1250.0,0
11,3,14,@1536@512@grid0@z17,1875.0,625.0,0
11,4,21,@2048@512@grid0@z17,2500.0,625.0,0
11,5,22,@2048@1024@grid0@z17,2500.0,1250.0,0
11,6,57,@1280@1280@grid1@z17,1562.5,1562.5,1
11,7,9,@1024@1536@grid0@z17,1250.0,1875.0,0
11,8,15,@1536@1024@grid0@z17,1875.0,1250.0,0
11,9,8,@1024@1024@grid0@z17,1250.0,1250.0,0
11,10,16,@1536@1536@grid0@z17,1875.0,1875.0,0
11,11,5,@512@3072@grid0@z17,625.0,3750.0,0
11,12,54,@768@3328@grid1@z17,937.5,4062.5,1
11,13,53,@768@2816@grid1@z17,937.5,3437.5,1
11,14,52,@768@2304@grid1@z17,937.5,2812.5,1
11,15,55,@768@3840@grid1@z17,937.5,4687.5,1
12,1,64,@1792@1280@grid1@z17,2187.5,1562.5,1
12,2,15,@1536@1024@grid0@z17,1875.0,1250.0,0
12,3,22,@2048@1024@grid0@z17,2500.0,1250.0,0
12,4,23,@2048@1536@grid0@z17,2500.0,1875.0,0
12,5,16,@1536@1536@grid0@z17,1875.0,1875.0,0
12,6,16,@1536@1536@grid0@z17,1875.0,1875.0,0
12,7,58,@1280@1792@grid1@z17,1562.5,2187.5,1
12,8,64,@1792@1280@grid1@z17,2187.5,1562.5,1
12,9,57,@1280@1280@grid1@z17,1562.5,1562.5,1
12,10,65,@1792@1792@grid1@z17,2187.5,2187.5,1
12,11,57,@1280@1280@grid1@z17,1562.5,1562.5,1
12,12,9,@1024@1536@grid0@z17,1250.0,1875.0,0
12,13,15,@1536@1024@grid0@z17,1875.0,1250.0,0
12,14,8,@1024@1024@grid0@z17,1250.0,1250.0,0
12,15,16,@1536@1536@grid0@z17,1875.0,1875.0,0
13,1,65,@1792@1792@grid1@z17,2187.5,2187.5,1
13,2,24,@2048@2048@grid0@z17,2500.0,2500.0,0
13,3,23,@2048@1536@grid0@z17,2500.0,1875.0,0
13,4,17,@1536@2048@grid0@z17,1875.0,2500.0,0
13,5,16,@1536@1536@grid0@z17,1875.0,1875.0,0
13,6,58,@1280@1792@grid1@z17,1562.5,2187.5,1
13,7,10,@1024@2048@grid0@z17,1250.0,2500.0,0
13,8,9,@1024@1536@grid0@z17,1250.0,1875.0,0
13,9,17,@1536@2048@grid0@z17,1875.0,2500.0,0
13,10,16,@1536@1536@grid0@z17,1875.0,1875.0,0
13,11,4,@512@2560@grid0@z17,625.0,3125.0,0
13,12,52,@768@2304@grid1@z17,937.5,2812.5,1
13,13,53,@768@2816@grid1@z17,937.5,3437.5,1
13,14,54,@768@3328@grid1@z17,937.5,4062.5,1
13,15,51,@768@1792@grid1@z17,937.5,2187.5,1
14,1,66,@1792@2304@grid1@z17,2187.5,2812.5,1
14,2,24,@2048@2048@grid0@z17,2500.0,2500.0,0
14,3,25,@2048@2560@grid0@z17,2500.0,3125.0,0
14,4,18,@1536@2560@grid0@z17,1875.0,3125.0,0
14,5,17,@1536@2048@grid0@z17,1875.0,2500.0,0
14,6,60,@1280@2816@grid1@z17,1562.5,3437.5,1
14,7,12,@1024@3072@grid0@z17,1250.0,3750.0,0
14,8,11,@1024@2560@grid0@z17,1250.0,3125.0,0
14,9,18,@1536@2560@grid0@z17,1875.0,3125.0,0
14,10,19,@1536@3072@grid0@z17,1875.0,3750.0,0
14,11,12,@1024@3072@grid0@z17,1250.0,3750.0,0
14,12,54,@768@3328@grid1@z17,937.5,4062.5,1
14,13,53,@768@2816@grid1@z17,937.5,3437.5,1
14,14,61,@1280@3328@grid1@z17,1562.5,4062.5,1
14,15,60,@1280@2816@grid1@z17,1562.5,3437.5,1
15,1,25,@2048@2560@grid0@z17,2500.0,3125.0,0
15,2,73,@2304@2304@grid1@z17,2812.5,2812.5,1
15,3,74,@2304@2816@grid1@z17,2812.5,3437.5,1
15,4,67,@1792@2816@grid1@z17,2187.5,3437.5,1
15,5,66,@1792@2304@grid1@z17,2187.5,2812.5,1
15,6,19,@1536@3072@grid0@z17,1875.0,3750.0,0
15,7,61,@1280@3328@grid1@z17,1562.5,4062.5,1
15,8,60,@1280@2816@grid1@z17,1562.5,3437.5,1
15,9,67,@1792@2816@grid1@z17,2187.5,3437.5,1
15,10,68,@1792@3328@grid1@z17,2187.5,4062.5,1
15,11,67,@1792@2816@grid1@z17,2187.5,3437.5,1
15,12,25,@2048@2560@grid0@z17,2500.0,3125.0,0
15,13,26,@2048@3072@grid0@z17,2500.0,3750.0,0
15,14,18,@1536@2560@grid0@z17,1875.0,3125.0,0
15,15,19,@1536@3072@grid0@z17,1875.0,3750.0,0
16,1,68,@1792@3328@grid1@z17,2187.5,4062.5,1
16,2,27,@2048@3584@grid0@z17,2500.0,4375.0,0
16,3,26,@2048@3072@grid0@z17,2500.0,3750.0,0
16,4,20,@1536@3584@grid0@z17,1875.0,4375.0,0
16,5,19,@1536@3072@grid0@z17,1875.0,3750.0,0
16,6,60,@1280@2816@grid1@z17,1562.5,3437.5,1
16,7,12,@1024@3072@grid0@z17,1250.0,3750.0,0
16,8,11,@1024@2560@grid0@z17,1250.0,3125.0,0
16,9,18,@1536@2560@grid0@z17,1875.0,3125.0,0
16,10,19,@1536@3072@grid0@z17,1875.0,3750.0,0
16,11,12,@1024@3072@grid0@z17,1250.0,3750.0,0
16,12,54,@768@3328@grid1@z17,937.5,4062.5,1
16,13,53,@768@2816@grid1@z17,937.5,3437.5,1
16,14,61,@1280@3328@grid1@z17,1562.5,4062.5,1
16,15,60,@1280@2816@grid1@z17,1562.5,3437.5,1
17,1,70,@2304@768@grid1@z17,2812.5,937.5,1
17,2,29,@2560@1024@grid0@z17,3125.0,1250.0,0
17,3,28,@2560@512@grid0@z17,3125.0,625.0,0
17,4,21,@2048@512@grid0@z17,2500.0,625.0,0
17,5,22,@2048@1024@grid0@z17,2500.0,1250.0,0
17,6,22,@2048@1024@grid0@z17,2500.0,1250.0,0
17,7,64,@1792@1280@grid1@z17,2187.5,1562.5,1
17,8,63,@1792@768@grid1@z17,2187.5,937.5,1
17,9,70,@2304@768@grid1@z17,2812.5,937.5,1
17,10,71,@2304@1280@grid1@z17,2812.5,1562.5,1
17,11,43,@3584@1024@grid0@z17,4375.0,1250.0,0
17,12,92,@3840@1280@grid1@z17,4687.5,1562.5,1
17,13,91,@3840@768@grid1@z17,4687.5,937.5,1
17,14,85,@3328@1280@grid1@z17,4062.5,1562.5,1
17,15,84,@3328@768@grid1@z17,4062.5,937.5,1
18,1,71,@2304@1280@grid1@z17,2812.5,1562.5,1
18,2,30,@2560@1536@grid0@z17,3125.0,1875.0,0
18,3,29,@2560@1024@grid0@z17,3125.0,1250.0,0
18,4,23,@2048@1536@grid0@z17,2500.0,1875.0,0
18,5,22,@2048@1024@grid0@z17,2500.0,1250.0,0
18,6,29,@2560@1024@grid0@z17,3125.0,1250.0,0
18,7,78,@2816@1280@grid1@z17,3437.5,1562.5,1
18,8,77,@2816@768@grid1@z17,3437.5,937.5,1
18,9,70,@2304@768@grid1@z17,2812.5,937.5,1
18,10,71,@2304@1280@grid1@z17,2812.5,1562.5,1
18,11,22,@2048@1024@grid0@z17,2500.0,1250.0,0
18,12,64,@1792@1280@grid1@z17,2187.5,1562.5,1
18,13,63,@1792@768@grid1@z17,2187.5,937.5,1
18,14,70,@2304@768@grid1@z17,2812.5,937.5,1
18,15,71,@2304@1280@grid1@z17,2812.5,1562.5,1
19,1,74,@2304@2816@grid1@z17,2812.5,3437.5,1
19,2,25,@2048@2560@grid0@z17,2500.0,3125.0,0
19,3,26,@2048@3072@grid0@z17,2500.0,3750.0,0
19,4,33,@2560@3072@grid0@z17,3125.0,3750.0,0
19,5,32,@2560@2560@grid0@z17,3125.0,3125.0,0
19,6,25,@2048@2560@grid0@z17,2500.0,3125.0,0
19,7,73,@2304@2304@grid1@z17,2812.5,2812.5,1
19,8,74,@2304@2816@grid1@z17,2812.5,3437.5,1
19,9,67,@1792@2816@grid1@z17,2187.5,3437.5,1
19,10,66,@1792@2304@grid1@z17,2187.5,2812.5,1
19,11,19,@1536@3072@grid0@z17,1875.0,3750.0,0
19,12,61,@1280@3328@grid1@z17,1562.5,4062.5,1
19,13,60,@1280@2816@grid1@z17,1562.5,3437.5,1
19,14,67,@1792@2816@grid1@z17,2187.5,3437.5,1
19,15,68,@1792@3328@grid1@z17,2187.5,4062.5,1
20,1,79,@2816@1792@grid1@z17,3437.5,2187.5,1
20,2,30,@2560@1536@grid0@z17,3125.0,1875.0,0
20,3,31,@2560@2048@grid0@z17,3125.0,2500.0,0
20,4,37,@3072@1536@grid0@z17,3750.0,1875.0,0
20,5,38,@3072@2048@grid0@z17,3750.0,2500.0,0
20,6,87,@3328@2304@grid1@z17,4062.5,2812.5,1
20,7,46,@3584@2560@grid0@z17,4375.0,3125.0,0
20,8,45,@3584@2048@grid0@z17,4375.0,2500.0,0
20,9,39,@3072@2560@grid0@z17,3750.0,3125.0,0
20,10,38,@3072@2048@grid0@z17,3750.0,2500.0,0
20,11,38,@3072@2048@grid0@z17,3750.0,2500.0,0
20,12,79,@2816@1792@grid1@z17,3437.5,2187.5,1
20,13,80,@2816@2304@grid1@z17,3437.5,2812.5,1
20,14,86,@3328@1792@grid1@z17,4062.5,2187.5,1
20,15,87,@3328@2304@grid1@z17,4062.5,2812.5,1
21,1,80,@2816@2304@grid1@z17,3437.5,2812.5,1
21,2,31,@2560@2048@grid0@z17,3125.0,2500.0,0
21,3,38,@3072@2048@grid0@z17,3750.0,2500.0,0
21,4,39,@3072@2560@grid0@z17,3750.0,3125.0,0
21,5,32,@2560@2560@grid0@z17,3125.0,3125.0,0
21,6,39,@3072@2560@grid0@z17,3750.0,3125.0,0
21,7,80,@2816@2304@grid1@z17,3437.5,2812.5,1
21,8,87,@3328@2304@grid1@z17,4062.5,2812.5,1
21,9,88,@3328@2816@grid1@z17,4062.5,3437.5,1
21,10,81,@2816@2816@grid1@z17,3437.5,3437.5,1
21,11,51,@768@1792@grid1@z17,937.5,2187.5,1
21,12,3,@512@2048@grid0@z17,625.0,2500.0,0
21,13,2,@512@1536@grid0@z17,625.0,1875.0,0
21,14,10,@1024@2048@grid0@z17,1250.0,2500.0,0
21,15,9,@1024@1536@grid0@z17,1250.0,1875.0,0
22,1,81,@2816@2816@grid1@z17,3437.5,3437.5,1
22,2,40,@3072@3072@grid0@z17,3750.0,3750.0,0
22,3,39,@3072@2560@grid0@z17,3750.0,3125.0,0
22,4,33,@2560@3072@grid0@z17,3125.0,3750.0,0
22,5,32,@2560@2560@grid0@z17,3125.0,3125.0,0
22,6,39,@3072@2560@grid0@z17,3750.0,3125.0,0
22,7,80,@2816@2304@grid1@z17,3437.5,2812.5,1
22,8,87,@3328@2304@grid1@z17,4062.5,2812.5,1
22,9,88,@3328@2816@grid1@z17,4062.5,3437.5,1
22,10,81,@2816@2816@grid1@z17,3437.5,3437.5,1
22,11,40,@3072@3072@grid0@z17,3750.0,3750.0,0
22,12,89,@3328@3328@grid1@z17,4062.5,4062.5,1
22,13,88,@3328@2816@grid1@z17,4062.5,3437.5,1
22,14,82,@2816@3328@grid1@z17,3437.5,4062.5,1
22,15,81,@2816@2816@grid1@z17,3437.5,3437.5,1
23,1,82,@2816@3328@grid1@z17,3437.5,4062.5,1
23,2,40,@3072@3072@grid0@z17,3750.0,3750.0,0
23,3,41,@3072@3584@grid0@z17,3750.0,4375.0,0
23,4,34,@2560@3584@grid0@z17,3125.0,4375.0,0
23,5,33,@2560@3072@grid0@z17,3125.0,3750.0,0
23,6,81,@2816@2816@grid1@z17,3437.5,3437.5,1
23,7,40,@3072@3072@grid0@z17,3750.0,3750.0,0
23,8,39,@3072@2560@grid0@z17,3750.0,3125.0,0
23,9,33,@2560@3072@grid0@z17,3125.0,3750.0,0
23,10,32,@2560@2560@grid0@z17,3125.0,3125.0,0
23,11,34,@2560@3584@grid0@z17,3125.0,4375.0,0
23,12,76,@2304@3840@grid1@z17,2812.5,4687.5,1
23,13,75,@2304@3328@grid1@z17,2812.5,4062.5,1
23,14,83,@2816@3840@grid1@z17,3437.5,4687.5,1
23,15,82,@2816@3328@grid1@z17,3437.5,4062.5,1
24,1,84,@3328@768@grid1@z17,4062.5,937.5,1
24,2,43,@3584@1024@grid0@z17,4375.0,1250.0,0
24,3,42,@3584@512@grid0@z17,4375.0,625.0,0
24,4,36,@3072@1024@grid0@z17,3750.0,1250.0,0
24,5,35,@3072@512@grid0@z17,3750.0,625.0,0
24,6,36,@3072@1024@grid0@z17,3750.0,1250.0,0
24,7,78,@2816@1280@grid1@z17,3437.5,1562.5,1
24,8,77,@2816@768@grid1@z17,3437.5,937.5,1
24,9,85,@3328@1280@grid1@z17,4062.5,1562.5,1
24,10,84,@3328@768@grid1@z17,4062.5,937.5,1
24,11,43,@3584@1024@grid0@z17,4375.0,1250.0,0
24,12,92,@3840@1280@grid1@z17,4687.5,1562.5,1
24,13,91,@3840@768@grid1@z17,4687.5,937.5,1
24,14,85,@3328@1280@grid1@z17,4062.5,1562.5,1
24,15,84,@3328@768@grid1@z17,4062.5,937.5,1
25,1,85,@3328@1280@grid1@z17,4062.5,1562.5,1
25,2,43,@3584@1024@grid0@z17,4375.0,1250.0,0
25,3,44,@3584@1536@grid0@z17,4375.0,1875.0,0
25,4,36,@3072@1024@grid0@z17,3750.0,1250.0,0
25,5,37,@3072@1536@grid0@z17,3750.0,1875.0,0
25,6,71,@2304@1280@grid1@z17,2812.5,1562.5,1
25,7,30,@2560@1536@grid0@z17,3125.0,1875.0,0
25,8,29,@2560@1024@grid0@z17,3125.0,1250.0,0
25,9,23,@2048@1536@grid0@z17,2500.0,1875.0,0
25,10,22,@2048@1024@grid0@z17,2500.0,1250.0,0
25,11,43,@3584@1024@grid0@z17,4375.0,1250.0,0
25,12,92,@3840@1280@grid1@z17,4687.5,1562.5,1
25,13,91,@3840@768@grid1@z17,4687.5,937.5,1
25,14,85,@3328@1280@grid1@z17,4062.5,1562.5,1
25,15,84,@3328@768@grid1@z17,4062.5,937.5,1
26,1,38,@3072@2048@grid0@z17,3750.0,2500.0,0
26,2,79,@2816@1792@grid1@z17,3437.5,2187.5,1
26,3,80,@2816@2304@grid1@z17,3437.5,2812.5,1
26,4,86,@3328@1792@grid1@z17,4062.5,2187.5,1
26,5,87,@3328@2304@grid1@z17,4062.5,2812.5,1
26,6,86,@3328@1792@grid1@z17,4062.5,2187.5,1
26,7,45,@3584@2048@grid0@z17,4375.0,2500.0,0
26,8,44,@3584@1536@grid0@z17,4375.0,1875.0,0
26,9,37,@3072@1536@grid0@z17,3750.0,1875.0,0
26,10,38,@3072@2048@grid0@z17,3750.0,2500.0,0
26,11,87,@3328@2304@grid1@z17,4062.5,2812.5,1
26,12,46,@3584@2560@grid0@z17,4375.0,3125.0,0
26,13,45,@3584@2048@grid0@z17,4375.0,2500.0,0
26,14,39,@3072@2560@grid0@z17,3750.0,3125.0,0
26,15,38,@3072@2048@grid0@z17,3750.0,2500.0,0
27,1,87,@3328@2304@grid1@z17,4062.5,2812.5,1
27,2,46,@3584@2560@grid0@z17,4375.0,3125.0,0
27,3,45,@3584@2048@grid0@z17,4375.0,2500.0,0
27,4,39,@3072@2560@grid0@z17,3750.0,3125.0,0
27,5,38,@3072@2048@grid0@z17,3750.0,2500.0,0
27,6,38,@3072@2048@grid0@z17,3750.0,2500.0,0
27,7,79,@2816@1792@grid1@z17,3437.5,2187.5,1
27,8,80,@2816@2304@grid1@z17,3437.5,2812.5,1
27,9,86,@3328@1792@grid1@z17,4062.5,2187.5,1
27,10,87,@3328@2304@grid1@z17,4062.5,2812.5,1
27,11,79,@2816@1792@grid1@z17,3437.5,2187.5,1
27,12,30,@2560@1536@grid0@z17,3125.0,1875.0,0
27,13,31,@2560@2048@grid0@z17,3125.0,2500.0,0
27,14,37,@3072@1536@grid0@z17,3750.0,1875.0,0
27,15,38,@3072@2048@grid0@z17,3750.0,2500.0,0
28,1,89,@3328@3328@grid1@z17,4062.5,4062.5,1
28,2,48,@3584@3584@grid0@z17,4375.0,4375.0,0
28,3,40,@3072@3072@grid0@z17,3750.0,3750.0,0
28,4,47,@3584@3072@grid0@z17,4375.0,3750.0,0
28,5,41,@3072@3584@grid0@z17,3750.0,4375.0,0
28,6,36,@3072@1024@grid0@z17,3750.0,1250.0,0
28,7,78,@2816@1280@grid1@z17,3437.5,1562.5,1
28,8,77,@2816@768@grid1@z17,3437.5,937.5,1
28,9,85,@3328@1280@grid1@z17,4062.5,1562.5,1
28,10,84,@3328@768@grid1@z17,4062.5,937.5,1
28,11,28,@2560@512@grid0@z17,3125.0,625.0,0
28,12,77,@2816@768@grid1@z17,3437.5,937.5,1
28,13,70,@2304@768@grid1@z17,2812.5,937.5,1
28,14,63,@1792@768@grid1@z17,2187.5,937.5,1
28,15,78,@2816@1280@grid1@z17,3437.5,1562.5,1
29,1,72,@2304@1792@grid1@z17,2812.5,2187.5,1
29,2,24,@2048@2048@grid0@z17,2500.0,2500.0,0
29,3,31,@2560@2048@grid0@z17,3125.0,2500.0,0
29,4,30,@2560@1536@grid0@z17,3125.0,1875.0,0
29,5,23,@2048@1536@grid0@z17,2500.0,1875.0,0
29,6,30,@2560@1536@grid0@z17,3125.0,1875.0,0
29,7,79,@2816@1792@grid1@z17,3437.5,2187.5,1
29,8,78,@2816@1280@grid1@z17,3437.5,1562.5,1
29,9,72,@2304@1792@grid1@z17,2812.5,2187.5,1
29,10,71,@2304@1280@grid1@z17,2812.5,1562.5,1
29,11,10,@1024@2048@grid0@z17,1250.0,2500.0,0
29,12,52,@768@2304@grid1@z17,937.5,2812.5,1
29,13,51,@768@1792@grid1@z17,937.5,2187.5,1
29,14,59,@1280@2304@grid1@z17,1562.5,2812.5,1
29,15,58,@1280@1792@grid1@z17,1562.5,2187.5,1
30,1,73,@2304@2304@grid1@z17,2812.5,2812.5,1
30,2,31,@2560@2048@grid0@z17,3125.0,2500.0,0
30,3,24,@2048@2048@grid0@z17,2500.0,2500.0,0
30,4,25,@2048@2560@grid0@z17,2500.0,3125.0,0
30,5,32,@2560@2560@grid0@z17,3125.0,3125.0,0
30,6,60,@1280@2816@grid1@z17,1562.5,3437.5,1
30,7,12,@1024@3072@grid0@z17,1250.0,3750.0,0
30,8,11,@1024@2560@grid0@z17,1250.0,3125.0,0
30,9,18,@1536@2560@grid0@z17,1875.0,3125.0,0
30,10,19,@1536@3072@grid0@z17,1875.0,3750.0,0
30,11,69,@1792@3840@grid1@z17,2187.5,4687.5,1
30,12,27,@2048@3584@grid0@z17,2500.0,4375.0,0
30,13,20,@1536@3584@grid0@z17,1875.0,4375.0,0
30,14,13,@1024@3584@grid0@z17,1250.0,4375.0,0
30,15,26,@2048@3072@grid0@z17,2500.0,3750.0,0
31,1,77,@2816@768@grid1@z17,3437.5,937.5,1
31,2,29,@2560@1024@grid0@z17,3125.0,1250.0,0
31,3,28,@2560@512@grid0@z17,3125.0,625.0,0
31,4,36,@3072@1024@grid0@z17,3750.0,1250.0,0
31,5,35,@3072@512@grid0@z17,3750.0,625.0,0
31,6,43,@3584@1024@grid0@z17,4375.0,1250.0,0
31,7,92,@3840@1280@grid1@z17,4687.5,1562.5,1
31,8,91,@3840@768@grid1@z17,4687.5,937.5,1
31,9,85,@3328@1280@grid1@z17,4062.5,1562.5,1
31,10,84,@3328@768@grid1@z17,4062.5,937.5,1
31,11,85,@3328@1280@grid1@z17,4062.5,1562.5,1
31,12,43,@3584@1024@grid0@z17,4375.0,1250.0,0
31,13,44,@3584@1536@grid0@z17,4375.0,1875.0,0
31,14,36,@3072@1024@grid0@z17,3750.0,1250.0,0
31,15,37,@3072@1536@grid0@z17,3750.0,1875.0,0
32,1,78,@2816@1280@grid1@z17,3437.5,1562.5,1
32,2,30,@2560@1536@grid0@z17,3125.0,1875.0,0
32,3,29,@2560@1024@grid0@z17,3125.0,1250.0,0
32,4,36,@3072@1024@grid0@z17,3750.0,1250.0,0
32,5,37,@3072@1536@grid0@z17,3750.0,1875.0,0
32,6,30,@2560@1536@grid0@z17,3125.0,1875.0,0
32,7,79,@2816@1792@grid1@z17,3437.5,2187.5,1
32,8,78,@2816@1280@grid1@z17,3437.5,1562.5,1
32,9,72,@2304@1792@grid1@z17,2812.5,2187.5,1
32,10,71,@2304@1280@grid1@z17,2812.5,1562.5,1
32,11,36,@3072@1024@grid0@z17,3750.0,1250.0,0
32,12,78,@2816@1280@grid1@z17,3437.5,1562.5,1
32,13,77,@2816@768@grid1@z17,3437.5,937.5,1
32,14,85,@3328@1280@grid1@z17,4062.5,1562.5,1
32,15,84,@3328@768@grid1@z17,4062.5,937.5,1
33,1,60,@1280@2816@grid1@z17,1562.5,3437.5,1
33,2,12,@1024@3072@grid0@z17,1250.0,3750.0,0
33,3,11,@1024@2560@grid0@z17,1250.0,3125.0,0
33,4,18,@1536@2560@grid0@z17,1875.0,3125.0,0
33,5,19,@1536@3072@grid0@z17,1875.0,3750.0,0
33,6,12,@1024@3072@grid0@z17,1250.0,3750.0,0
33,7,54,@768@3328@grid1@z17,937.5,4062.5,1
33,8,53,@768@2816@grid1@z17,937.5,3437.5,1
33,9,61,@1280@3328@grid1@z17,1562.5,4062.5,1
33,10,60,@1280@2816@grid1@z17,1562.5,3437.5,1
33,11,55,@768@3840@grid1@z17,937.5,4687.5,1
33,12,6,@512@3584@grid0@z17,625.0,4375.0,0
33,13,13,@1024@3584@grid0@z17,1250.0,4375.0,0
33,14,12,@1024@3072@grid0@z17,1250.0,3750.0,0
33,15,5,@512@3072@grid0@z17,625.0,3750.0,0
34,1,75,@2304@3328@grid1@z17,2812.5,4062.5,1
34,2,27,@2048@3584@grid0@z17,2500.0,4375.0,0
34,3,26,@2048@3072@grid0@z17,2500.0,3750.0,0
34,4,34,@2560@3584@grid0@z17,3125.0,4375.0,0
34,5,33,@2560@3072@grid0@z17,3125.0,3750.0,0
34,6,60,@1280@2816@grid1@z17,1562.5,3437.5,1
34,7,12,@1024@3072@grid0@z17,1250.0,3750.0,0
34,8,11,@1024@2560@grid0@z17,1250.0,3125.0,0
34,9,18,@1536@2560@grid0@z17,1875.0,3125.0,0
34,10,19,@1536@3072@grid0@z17,1875.0,3750.0,0
34,11,12,@1024@3072@grid0@z17,1250.0,3750.0,0
34,12,54,@768@3328@grid1@z17,937.5,4062.5,1
34,13,53,@768@2816@grid1@z17,937.5,3437.5,1
34,14,61,@1280@3328@grid1@z17,1562.5,4062.5,1
34,15,60,@1280@2816@grid1@z17,1562.5,3437.5,1
35,1,88,@3328@2816@grid1@z17,4062.5,3437.5,1
35,2,40,@3072@3072@grid0@z17,3750.0,3750.0,0
35,3,47,@3584@3072@grid0@z17,4375.0,3750.0,0
35,4,46,@3584@2560@grid0@z17,4375.0,3125.0,0
35,5,39,@3072@2560@grid0@z17,3750.0,3125.0,0
35,6,40,@3072@3072@grid0@z17,3750.0,3750.0,0
35,7,89,@3328@3328@grid1@z17,4062.5,4062.5,1
35,8,88,@3328@2816@grid1@z17,4062.5,3437.5,1
35,9,82,@2816@3328@grid1@z17,3437.5,4062.5,1
35,10,81,@2816@2816@grid1@z17,3437.5,3437.5,1
35,11,39,@3072@2560@grid0@z17,3750.0,3125.0,0
35,12,80,@2816@2304@grid1@z17,3437.5,2812.5,1
35,13,87,@3328@2304@grid1@z17,4062.5,2812.5,1
35,14,88,@3328@2816@grid1@z17,4062.5,3437.5,1
35,15,81,@2816@2816@grid1@z17,3437.5,3437.5,1
